{
  "best_roc_auc": 0.726927417294297,
  "params": {
    "max_depth": 8,
    "learning_rate": 0.013847664629807577,
    "subsample": 0.8547322615948952,
    "colsample_bytree": 0.5982734254688465,
    "min_child_weight": 19,
    "gamma": 0.9082113711592754,
    "reg_alpha": 0.2357894398850829,
    "reg_lambda": 0.6652148030939085,
    "scale_pos_weight": 4.918827496260899
  }
}